scenario,window_id,time_min,day0_6,q,coverage,risk_proxy,x_hat,U,fixed_threshold,adaptive_threshold,fixed_alert,adaptive_alert,request_more_data,request_confirmation,policy,true_risk,true_low_quality
low_quality_artifact,240,98.193044198808,2.46470925940293,0.808056526806527,0.916666666666667,0.862870334044639,0.448024319510826,0.179071359771582,0.62,0.604689805910868,1,0,0,1,request_confirmation,0,1
low_quality_artifact,241,98.6044863883234,2.47503813250848,0.642291666666667,0.8,0.984958802074025,0.59675451468217,0.355787625376934,0.62,0.684008035105542,1,0,0,1,request_confirmation,0,1
low_quality_artifact,242,99.0678194610176,2.48666967792461,0.690135658914729,0.716666666666667,0.942576790506099,0.678127203024989,0.468816701431531,0.62,0.707044257796178,1,0,0,1,request_confirmation,0,1
low_quality_artifact,243,99.4842118751659,2.49712282181079,0.64906746031746,0.6,0.917787249037927,0.709123781011695,0.579896436890226,0.62,0.74553885947212,1,0,0,1,request_confirmation,0,1
low_quality_artifact,244,99.9106675808428,2.50782859526163,0.661637931034483,0.666666666666667,0.890979138600739,0.732023066506053,0.632603170993782,0.62,0.758034060292052,1,0,0,1,request_confirmation,0,1
low_quality_artifact,245,100.291815938363,2.51739696991921,0.68088963963964,0.8,0.933368402455942,0.772977408163379,0.631815028247092,0.62,0.754348072774051,1,0,0,1,request_confirmation,0,1
low_quality_artifact,246,100.711568123085,2.52793445771761,0.5375,0.75,0.992666773743213,0.797083615277984,0.690095231546263,0.62,0.796476664832954,1,0,1,0,request_more_data,0,1
low_quality_artifact,247,101.180960616593,2.5397181192518,0.573651315789474,0.8,0.981032389400311,0.818876122738119,0.705734842690622,0.62,0.794348519111269,1,0,1,0,request_more_data,0,1
low_quality_artifact,248,101.653431774965,2.5515790678011,0.681791355857832,0.883333333333333,0.978866871592424,0.849818769884789,0.657232770342393,0.62,0.76130273164146,1,0,1,0,request_more_data,0,1
low_quality_artifact,249,102.048438020496,2.56149533183517,0.663931623931624,0.866666666666667,0.968695645847957,0.862715742117989,0.628283366757126,0.62,0.756411650384303,1,0,1,0,request_more_data,0,1
low_quality_artifact,250,102.488226477252,2.57253581158875,0.634506802721089,0.816666666666667,0.936207571406194,0.856151575794232,0.624862735811853,0.62,0.760750341537523,1,0,1,0,request_more_data,0,1
low_quality_artifact,251,102.950770832988,2.58414755699997,0.645414078674948,0.766666666666667,0.972019625440423,0.86047902287238,0.636736277881447,0.62,0.762111623645314,1,0,1,0,request_more_data,0,1
low_quality_artifact,252,103.380421181205,2.59493352897748,0.629116161616162,0.733333333333333,0.981031057207525,0.862833206941082,0.659197776122503,0.62,0.771334468223392,1,0,1,0,request_more_data,0,1
low_quality_artifact,253,103.809755924465,2.60571157798642,0.695609756097561,0.683333333333333,0.938070178326403,0.853900699731677,0.66438456779775,0.62,0.760817922885809,1,0,1,0,request_more_data,0,1
low_quality_artifact,254,104.248419533944,2.61672381949636,0.606538054968287,0.716666666666667,0.978202615632071,0.854999500569664,0.690120332548374,0.62,0.784056843219253,1,0,1,0,request_more_data,0,1
low_quality_artifact,255,104.651367359136,2.62683944949402,0.589138959931799,0.766666666666667,0.981034824425359,0.858126857668433,0.702104940061091,0.62,0.790544370429382,1,0,1,0,request_more_data,0,1
low_quality_artifact,256,105.08127979928,2.63763200104535,0.735670289855072,0.766666666666667,0.892240633286453,0.841908878516052,0.655014195515583,0.62,0.75098332257045,1,0,0,1,request_confirmation,0,1
low_quality_artifact,257,105.455767488933,2.64703316583734,0.676815476190476,0.8,0.911099749508796,0.836395258082782,0.634180821596617,0.62,0.755743844332767,1,0,0,1,request_confirmation,0,1
low_quality_artifact,258,105.890164750664,2.65793830465916,0.596288759689922,0.716666666666667,0.988116627179436,0.844378344557131,0.674461371143803,0.62,0.781517207176079,1,0,0,1,request_confirmation,0,1
low_quality_artifact,259,106.348434703686,2.6694427451698,0.537726480836237,0.683333333333333,0.995807933972571,0.845283651791418,0.727323583462774,0.62,0.806859836819054,1,0,0,1,request_confirmation,0,1
low_quality_artifact,260,106.775537002408,2.68016475073706,0.534130009775171,0.733333333333333,0.983675506215725,0.845875430544798,0.754175299397299,0.62,0.815025682071713,1,0,0,1,request_confirmation,0,1
low_quality_artifact,261,107.300670902059,2.69334774837593,0.639583333333333,0.75,0.944320286988919,0.844427651412436,0.733698276439272,0.62,0.790310517402996,1,0,0,1,request_confirmation,0,1
low_quality_artifact,262,107.695450781014,2.70325832968786,0.658295795795796,0.75,0.978522577493974,0.854377114332066,0.717636734211185,0.62,0.782445042335889,1,0,1,0,request_more_data,0,1
low_quality_artifact,263,108.140461190132,2.71442990169372,0.685975048449612,0.716666666666667,0.981023980171906,0.861563580509421,0.706088638103247,0.62,0.774229309947979,1,0,1,0,request_more_data,0,1
low_quality_artifact,264,108.593942446153,2.72581412642455,0.635416666666667,0.666666666666667,0.965530967755282,0.856261358244577,0.722169941461287,0.62,0.78783258360916,1,0,1,0,request_more_data,0,1
low_quality_artifact,265,108.96691020229,2.73517713470071,0.638665311653117,0.683333333333333,0.960276764217659,0.852285202048733,0.728617612422331,0.62,0.789053175380692,1,0,1,0,request_more_data,0,1
low_quality_artifact,266,109.40552573413,2.74618816926632,0.592979782107689,0.716666666666667,0.978525324484505,0.853006368098855,0.740456349241272,0.62,0.800591417008172,1,0,1,0,request_more_data,0,1
low_quality_artifact,267,109.83690766171,2.75701761093161,0.523333333333333,0.7,0.995370519212212,0.85145432613022,0.774257248770964,0.62,0.82259202965587,1,0,1,0,request_more_data,0,1
low_quality_artifact,268,110.298336169777,2.76860134402596,0.554169621749409,0.783333333333333,0.988754413434875,0.855879605897772,0.771004084999049,0.62,0.81613061188484,1,0,1,0,request_more_data,0,1
low_quality_artifact,269,110.818463288177,2.78165865108296,0.528031914893617,0.783333333333333,0.992213652253621,0.857762420529023,0.776726609924481,0.62,0.822437706098004,1,0,1,0,request_more_data,0,1
low_quality_artifact,270,111.277942911689,2.79319345924502,0.543989361702128,0.783333333333333,0.9976144008644,0.861712082465509,0.776307536213681,0.62,0.819448025033448,1,0,1,0,request_more_data,0,1
low_quality_artifact,271,111.79923429587,2.80627999411049,0.654924242424242,0.833333333333333,0.971335884907118,0.868458035609996,0.724788068956555,0.62,0.785054295671472,1,0,1,0,request_more_data,0,1
low_quality_artifact,272,112.302614383309,2.81891688254709,0.764735772357724,0.75,0.898756586460275,0.850971020773033,0.667166505558364,0.62,0.749154182531952,1,0,1,0,request_more_data,0,1
low_quality_artifact,273,112.718152119211,2.82934857053161,0.716130150958792,0.716666666666667,0.913775074020324,0.841391466344363,0.653463171682784,0.62,0.754066260898597,1,0,1,0,request_more_data,0,1
low_quality_artifact,274,113.153294093803,2.84027240467645,0.618130081300813,0.833333333333333,0.9787809252308,0.854610800634549,0.65172909360422,0.62,0.771220731575035,1,0,1,0,request_more_data,0,1
low_quality_artifact,275,113.581929241548,2.85103289099132,0.607209302325581,0.833333333333333,0.982974425904997,0.863686155133871,0.653114694920743,0.62,0.773574440159203,1,0,1,0,request_more_data,0,1
low_quality_artifact,276,114.020330628557,2.86203854965028,0.712251773049645,0.783333333333333,0.905548998177319,0.849486229199441,0.623132300714001,0.62,0.746271725050984,1,0,1,0,request_more_data,0,1
low_quality_artifact,277,114.469240008296,2.87330800168358,0.683930205949657,0.766666666666667,0.899258107136755,0.836670014872444,0.615758279208023,0.62,0.749304881107308,1,0,1,0,request_more_data,0,1
low_quality_artifact,278,114.922380107568,2.88468366199183,0.60449306551889,0.683333333333333,0.958609032051712,0.835923585113734,0.663304703146083,0.62,0.776916565087503,1,0,1,0,request_more_data,0,1
low_quality_artifact,279,115.373689266721,2.89601335825304,0.645357142857143,0.7,0.940609911263153,0.834309266842165,0.680067895215929,0.62,0.774254724946174,1,0,1,0,request_more_data,0,1
low_quality_artifact,280,115.788437164774,2.90642521809376,0.656876633072042,0.783333333333333,0.94139688465576,0.838726402019363,0.66741818711027,0.62,0.768639298437908,1,0,1,0,request_more_data,0,1
low_quality_artifact,281,116.238850785175,2.91773243268837,0.662083333333333,0.8,0.932756575871873,0.8402314227061,0.650760212342902,0.62,0.763037859456013,1,0,1,0,request_more_data,0,1
low_quality_artifact,282,116.700248081106,2.9293153822311,0.662080745341615,0.766666666666667,0.929192965499025,0.83847081688299,0.64695349950362,0.62,0.761972445699523,1,0,1,0,request_more_data,0,1
low_quality_artifact,283,117.163437888187,2.94094333109741,0.679211012564671,0.683333333333333,0.870244269574512,0.818151171758592,0.654637568796641,0.62,0.761040537001419,1,0,1,0,request_more_data,0,1
low_quality_artifact,284,117.564406041832,2.951009263284,0.641897321428571,0.7,0.929640990061159,0.818896024419131,0.675479922416552,0.62,0.773592860419492,1,0,1,0,request_more_data,0,1
low_quality_artifact,285,117.958878949987,2.96091213837976,0.632738095238095,0.75,0.964096405450238,0.831078396978376,0.684497319810896,0.62,0.777766392404194,1,0,1,0,request_more_data,0,1
low_quality_artifact,286,118.486150820757,2.97414880779309,0.687377450980392,0.666666666666667,0.902101333008378,0.821273440848285,0.688664436718893,0.62,0.769098101104819,1,0,1,0,request_more_data,0,1
low_quality_artifact,287,118.910967905904,2.98481344520113,0.594869337979094,0.683333333333333,0.964095708083597,0.825541196780298,0.720809604327567,0.62,0.794750208375482,1,0,1,0,request_more_data,0,1
low_quality_artifact,288,119.340164056146,2.99558801496136,0.551990171990172,0.733333333333333,0.997324084650066,0.836233483187653,0.748137226745507,0.62,0.810120192530511,1,0,1,0,request_more_data,0,1
low_quality_artifact,289,119.793828611804,3.0069768412589,0.571159732185557,0.683333333333333,0.989094269051044,0.84037559560363,0.771390570142591,0.62,0.813180607846525,1,0,1,0,request_more_data,0,1
low_quality_artifact,290,120.249308916235,3.01841125023891,0.616145833333334,0.666666666666667,0.966754569999745,0.840301766868176,0.776837363940768,0.62,0.806608211903415,1,0,1,0,request_more_data,0,1
low_quality_artifact,291,120.660612124289,3.02873663434426,0.560981198589894,0.766666666666667,0.987026804842591,0.847166890972836,0.77551001625267,0.62,0.816166188804567,1,0,1,0,request_more_data,0,1
low_quality_artifact,292,121.076425320455,3.03917523750224,0.58086003051106,0.766666666666667,0.981031070380722,0.8520518509665,0.766994757535932,0.62,0.81020372661807,1,0,1,0,request_more_data,0,1
low_quality_artifact,293,121.537277840355,3.05074451094994,0.663172043010753,0.666666666666667,0.934925410884661,0.84331963392875,0.756058177197489,0.62,0.792325321873362,1,0,1,0,request_more_data,0,1
low_quality_artifact,294,121.947322329469,3.06103829608819,0.757241315594974,0.683333333333333,0.838399376408298,0.813988316637288,0.707602961579379,0.62,0.761825392435131,1,0,1,0,request_more_data,0,1
low_quality_artifact,295,122.32341245392,3.07047968851388,0.717223942208462,0.633333333333333,0.862781386448248,0.798825896226794,0.704105768228243,0.62,0.768049305506385,1,0,1,0,request_more_data,0,1
low_quality_artifact,296,122.73207491491,3.08073877912279,0.685865614538498,0.683333333333333,0.865757075620205,0.789983317779112,0.697910856137057,0.62,0.771959229101446,1,0,1,0,request_more_data,0,1
low_quality_artifact,297,123.188990601194,3.09220922202783,0.683631019036954,0.783333333333333,0.961720986998954,0.818092929463607,0.679362852577984,0.62,0.767168015295184,1,0,1,0,request_more_data,0,1
low_quality_artifact,298,123.578997130092,3.10199997283067,0.665652173913043,0.766666666666667,0.972022189167084,0.836701663563057,0.674094367446037,0.62,0.768929031580543,1,0,1,0,request_more_data,0,1
low_quality_artifact,299,123.984421940429,3.11217778523426,0.654864066193854,0.783333333333333,0.924263019925027,0.835074565897849,0.6614187722652,0.62,0.767321724319363,1,0,1,0,request_more_data,0,1
low_quality_artifact,300,124.477858291424,3.12456504542527,0.581359649122807,0.75,0.941424451204751,0.832604833672955,0.685164183879079,0.62,0.787201234644037,1,0,1,0,request_more_data,0,1
low_quality_artifact,301,124.915475941994,3.13555102911065,0.616666666666667,0.666666666666667,0.954389209915155,0.831823951408077,0.714008870122224,0.62,0.788922483634223,1,0,1,0,request_more_data,0,1
low_quality_artifact,302,125.380054795563,3.14721384869578,0.666782945736434,0.716666666666667,0.960253556720667,0.839149542237119,0.709002349353428,0.62,0.778499727586402,1,0,1,0,request_more_data,0,1
low_quality_artifact,303,125.771934021095,3.15705161180408,0.614586288416076,0.783333333333333,0.9853638730339,0.851470706482222,0.706165769415671,0.62,0.787100883521494,1,0,1,0,request_more_data,0,1
low_quality_artifact,304,126.181874919977,3.16734279640602,0.673214285714286,0.75,0.972002557259177,0.858278341198181,0.691783300873475,0.62,0.772520752816002,1,0,1,0,request_more_data,0,1
low_quality_artifact,305,126.571469192341,3.1771231978924,0.683440170940171,0.75,0.973088706807427,0.86381334321012,0.677737933532997,0.62,0.766747390620009,1,0,1,0,request_more_data,0,1
low_quality_artifact,306,126.9716686194,3.18716983191376,0.627110917537747,0.816666666666667,0.983065063085577,0.870394514919231,0.668373022702907,0.62,0.77426448120002,1,0,1,0,request_more_data,0,1
low_quality_artifact,307,127.446187112459,3.19908217689425,0.596676213857065,0.783333333333333,0.978661557994024,0.869550483681593,0.678167707748982,0.62,0.782485239675443,1,0,1,0,request_more_data,0,1
low_quality_artifact,308,127.879757448308,3.20996655651168,0.636675503711559,0.766666666666667,0.967187554540354,0.867532378004944,0.675691042865639,0.62,0.774591901334298,1,0,1,0,request_more_data,0,1
low_quality_artifact,309,128.323580994816,3.22110833343673,0.653242753623188,0.766666666666667,0.944323548363806,0.860569041374451,0.66633658553907,0.62,0.768990548298766,1,0,1,0,request_more_data,0,1
low_quality_artifact,310,128.741582933916,3.23160188294831,0.582295630725863,0.716666666666667,0.971371469338979,0.856437148425196,0.696868606304396,0.62,0.790309996234576,1,0,1,0,request_more_data,0,1
low_quality_artifact,311,129.183668416327,3.24270002739238,0.590975177304965,0.783333333333333,0.975555507613688,0.858731557060538,0.701663585999335,0.62,0.79009027216492,1,0,1,0,request_more_data,0,1
low_quality_artifact,312,129.591778640048,3.25294525459879,0.710871212121212,0.733333333333333,0.932740436052022,0.852697946002195,0.676486103498224,0.62,0.761459290797684,1,0,1,0,request_more_data,0,1
low_quality_artifact,313,130.010031064026,3.26344509230002,0.70109649122807,0.75,0.914602990236253,0.843525125314874,0.655064722406445,0.62,0.757220753852752,1,0,1,0,request_more_data,0,1
low_quality_artifact,314,130.464484739877,3.27485372872533,0.654149659863946,0.816666666666667,0.964091179613427,0.853406427127826,0.64327146310629,0.62,0.762369070894251,1,0,1,0,request_more_data,0,1
low_quality_artifact,315,130.839373244617,3.28426495560693,0.607209302325581,0.833333333333333,0.986307950361933,0.863864638837772,0.647561077228624,0.62,0.77201942720541,1,0,1,0,request_more_data,0,1
low_quality_artifact,316,131.312342050309,3.29613839712887,0.587421171171171,0.8,0.978516192409609,0.86526636967705,0.662891086531961,0.62,0.779873693418138,1,0,1,0,request_more_data,0,1
low_quality_artifact,317,131.728589253674,3.30658789563353,0.601969696969697,0.733333333333333,0.983518085344141,0.864954538702916,0.685710817155848,0.62,0.783644483349092,1,0,1,0,request_more_data,0,1
low_quality_artifact,318,132.177018494712,3.31784529423176,0.637077922077922,0.7,0.978171994208614,0.863771331877885,0.699739646600646,0.62,0.781253075074155,1,0,1,0,request_more_data,0,1
low_quality_artifact,319,132.600733788697,3.32848227219846,0.643921568627451,0.7,0.947066532272909,0.855246684706423,0.704334574169781,0.62,0.781307798414598,1,0,1,0,request_more_data,0,1
low_quality_artifact,320,132.999739524477,3.33849893971159,0.715052552552553,0.75,0.886852590390325,0.837164875151368,0.66733219127726,0.62,0.758143554098173,1,0,1,0,request_more_data,0,1
low_quality_artifact,321,133.400788246871,3.34856689450161,0.701503496503497,0.733333333333333,0.94836469140955,0.842678793700199,0.658809255592212,0.62,0.75819596219519,1,0,1,0,request_more_data,0,1
low_quality_artifact,322,133.799551934064,3.35857748561033,0.609439731353835,0.766666666666667,0.967194719439775,0.847436634012471,0.673095485736016,0.62,0.778767584362394,1,0,1,0,request_more_data,0,1
low_quality_artifact,323,134.19821924546,3.36858565729442,0.645416666666667,0.8,0.9197854890786,0.841049757175817,0.65761548943609,0.62,0.767957337042105,1,0,1,0,request_more_data,0,1
low_quality_artifact,324,134.657698807605,3.3801204639159,0.764730392156863,0.85,0.905563420473432,0.840662627116958,0.592276058574698,0.62,0.72818582581268,1,0,0,1,request_confirmation,0,1
low_quality_artifact,325,135.082296481864,3.39077959321786,0.842354819976771,0.816666666666667,0.814192564085168,0.806277517049272,0.51922573053876,0.62,0.693759336955034,1,0,0,1,request_confirmation,0,1
low_quality_artifact,326,135.5262602666,3.40192489069307,0.833352713178295,0.8,0.808231042817195,0.783986223183945,0.478246643326844,0.62,0.683905571759423,1,0,0,1,request_confirmation,0,1
low_quality_artifact,327,135.907037007444,3.41148393625996,0.67807492480175,0.883333333333333,0.971862308336833,0.825604777225661,0.497842873157797,0.62,0.717342518019868,1,0,0,1,request_confirmation,0,1
low_quality_artifact,328,136.336782752961,3.4222723030979,0.622863683935112,0.816666666666667,0.973096555469186,0.841811312801248,0.543342777057152,0.62,0.740020514467682,1,0,0,1,request_confirmation,0,1
low_quality_artifact,329,136.804931513388,3.43402474187102,0.586323678861789,0.683333333333333,0.956677255833331,0.838022625608176,0.615295257569391,0.62,0.766744409924307,1,0,0,1,request_confirmation,0,1
low_quality_artifact,330,137.194732341993,3.44381032875954,0.562616279069767,0.716666666666667,0.991387328829331,0.843640408545519,0.670677196074212,0.62,0.786518684668221,1,0,1,0,request_more_data,0,1
low_quality_artifact,331,137.627563921769,3.45467616259356,0.57680441898527,0.783333333333333,0.983162497869706,0.850820223501186,0.689580051808222,0.62,0.789257619088954,1,0,1,0,request_more_data,0,1
low_quality_artifact,332,138.044454818743,3.46514182042696,0.571527777777778,0.75,0.938081154986564,0.84227189163507,0.706197813022707,0.62,0.794860387646358,1,0,1,0,request_more_data,0,1
low_quality_artifact,333,138.486672720729,3.47624328914119,0.669116507067943,0.85,0.932182591906246,0.845302813940475,0.662657952687577,0.62,0.765103255480292,1,0,1,0,request_more_data,0,1
low_quality_artifact,334,138.895121738137,3.48649702144768,0.69225890985325,0.883333333333333,0.954389166220773,0.858231678503783,0.616619111061655,0.62,0.748046747323678,1,0,1,0,request_more_data,0,1
low_quality_artifact,335,139.313173043293,3.49699181024814,0.61710407239819,0.65,0.958610940031848,0.850358200035656,0.666249715903575,0.62,0.775471187421327,1,0,1,0,request_more_data,0,1
low_quality_artifact,336,139.710529870359,3.50696708344319,0.642979782107689,0.716666666666667,0.933424859948068,0.843087348350494,0.676095107163804,0.62,0.773570269226481,1,0,1,0,request_more_data,0,1
low_quality_artifact,337,140.13721363543,3.51767858211281,0.616666666666667,0.833333333333333,0.973096431035359,0.853910248896038,0.667636018210468,0.62,0.775938085098931,1,0,1,0,request_more_data,0,1
low_quality_artifact,338,140.546758645942,3.52795982830578,0.581515151515152,0.733333333333333,0.962742735639227,0.850395027186383,0.693885096423882,0.62,0.78961509972596,1,0,1,0,request_more_data,0,1
low_quality_artifact,339,140.981265993331,3.53886773072556,0.536428571428571,0.7,0.990338725186991,0.849409983521007,0.73676835738101,0.62,0.80973799720954,1,0,1,0,request_more_data,0,1
low_quality_artifact,340,141.377698947193,3.54881981094395,0.566079545454546,0.733333333333333,0.990667601735957,0.852926865306845,0.752024133381473,0.62,0.808672439164994,1,0,1,0,request_more_data,0,1
low_quality_artifact,341,141.895812538577,3.56182657027985,0.601292121499763,0.816666666666667,0.982974725730247,0.861089909338055,0.731468210157538,0.62,0.796578516974153,1,0,1,0,request_more_data,0,1
low_quality_artifact,342,142.334966663655,3.57285112572723,0.589102787456446,0.816666666666667,0.9830646799864,0.865663166387072,0.719719888455536,0.62,0.79548306702539,1,0,1,0,request_more_data,0,1
low_quality_artifact,343,142.772682910823,3.58383958458841,0.655593775593776,0.733333333333333,0.945772641877954,0.858333235247987,0.706402261574909,0.62,0.779785753634095,1,0,1,0,request_more_data,0,1
low_quality_artifact,344,143.269182132312,3.59630373529156,0.685548730548731,0.733333333333333,0.9563705353495,0.858087194628589,0.690169280817079,0.62,0.769848627130011,1,0,1,0,request_more_data,0,1
low_quality_artifact,345,143.669473111367,3.60635266764053,0.726372549019608,0.85,0.93807150109218,0.860613925675172,0.63067039343192,0.62,0.745840651337408,1,0,0,1,request_confirmation,0,1
low_quality_artifact,346,144.086666752088,3.61682592557386,0.772600732600733,0.866666666666667,0.913004633858918,0.855982998207505,0.563774242486147,0.62,0.718788656027989,1,0,0,1,request_confirmation,0,1
low_quality_artifact,347,144.39562141183,3.62458194466272,0.684357389304198,0.783333333333333,0.978472711551504,0.866120157267938,0.577123475706328,0.62,0.738410243123016,1,0,0,1,request_confirmation,0,1
low_quality_artifact,348,144.785263427865,3.6343635447095,0.555538277511962,0.733333333333333,0.995837550619253,0.865331090745965,0.638891949579885,0.62,0.778892855930215,1,0,0,1,request_confirmation,0,1
low_quality_artifact,349,145.187377265362,3.64445823822255,0.624848678601876,0.85,0.989746939237166,0.875204567953558,0.633480181398818,0.62,0.764901688643331,1,0,0,1,request_confirmation,0,1
low_quality_artifact,350,145.678234041862,3.65678074059751,0.617840136054422,0.816666666666667,0.990338611807082,0.879393412387196,0.639108649869948,0.62,0.76773919747379,1,0,0,1,request_confirmation,0,1
low_quality_artifact,351,146.116763600617,3.66778961688884,0.63703055337005,0.683333333333333,0.998683220074587,0.878142495579997,0.671257561233163,0.62,0.773286617538677,1,0,1,0,request_more_data,0,1
low_quality_artifact,352,146.600414861745,3.67993123150889,0.596845238095238,0.7,0.989477744285249,0.873383008996692,0.70041121656735,0.62,0.788682997781715,1,0,1,0,request_more_data,0,1
low_quality_artifact,353,147.006612788425,3.69012845227848,0.624132882882883,0.8,0.965267490879499,0.870437684901142,0.686590661509295,0.62,0.779901466303684,1,0,1,0,request_more_data,0,1
low_quality_artifact,354,147.435284693631,3.70088986135518,0.610274122807018,0.8,0.981033251188936,0.872059017938859,0.683276614870762,0.62,0.78146811005855,1,0,1,0,request_more_data,0,1
low_quality_artifact,355,147.866712549645,3.71172045601105,0.630178571428571,0.7,0.989474183155229,0.871200342214281,0.700464057462073,0.62,0.782697793232238,1,0,1,0,request_more_data,0,1
low_quality_artifact,356,148.265747176919,3.72173784881826,0.713455580440463,0.783333333333333,0.914644236737497,0.857253531252339,0.657092363050766,0.62,0.755563857174931,1,0,1,0,request_more_data,0,1
low_quality_artifact,357,148.695733755754,3.7325322615524,0.763379715522573,0.816666666666667,0.874986146457714,0.83772339752561,0.59698678711086,0.62,0.729747951596978,1,0,0,1,request_confirmation,0,1
low_quality_artifact,358,149.099362885015,3.7426649950544,0.617886904761905,0.8,0.976417455075408,0.849337653020949,0.619474191611789,0.62,0.762233130794158,1,0,0,1,request_confirmation,0,1
low_quality_artifact,359,149.513800703839,3.75306907064473,0.578579545454545,0.733333333333333,0.981035006102675,0.851469690426813,0.662776248098712,0.62,0.781433031285821,1,0,0,1,request_confirmation,0,1
low_quality_artifact,360,150.013894138986,3.7656234507355,0.596812354312354,0.65,0.939251164984991,0.839996958445883,0.703171901288521,0.62,0.789461908584562,1,0,0,1,request_confirmation,0,1
low_quality_artifact,361,150.468535803606,3.77703680644382,0.616190476190476,0.7,0.940628878298738,0.835479382113508,0.716440910744222,0.62,0.789689169294096,1,0,0,1,request_confirmation,0,1
low_quality_artifact,362,150.86330241367,3.7869470546526,0.539005167958656,0.716666666666667,0.968709143898331,0.834811749497974,0.747802237960495,0.62,0.812363696396381,1,0,0,1,request_confirmation,0,1
low_quality_artifact,363,151.227400244533,3.79608739171286,0.558109756097561,0.683333333333333,0.968708662607075,0.833831270283121,0.772412635501034,0.62,0.815815781842729,1,0,1,0,request_more_data,0,1
low_quality_artifact,364,151.715206254219,3.8083333074273,0.627052071668533,0.783333333333333,0.96172594167589,0.842213616385037,0.745698109063389,0.62,0.795926097637413,1,0,1,0,request_more_data,0,1
low_quality_artifact,365,152.096428197745,3.81790352939304,0.705077519379845,0.833333333333333,0.932190146069651,0.846684119189881,0.683617049531451,0.62,0.764498820380434,1,0,1,0,request_more_data,0,1
low_quality_artifact,366,152.556041111063,3.82944168367158,0.770088383838384,0.733333333333333,0.854205957469995,0.822248920345014,0.638143892284796,0.62,0.740064380748834,1,0,1,0,request_more_data,0,1
low_quality_artifact,367,152.950894829034,3.83935411864326,0.632992801771872,0.716666666666667,0.942752310169162,0.825559196242372,0.662997554625038,0.62,0.771700610976074,1,0,1,0,request_more_data,0,1
low_quality_artifact,368,153.319995389221,3.84862004456555,0.545174418604651,0.716666666666667,0.978201502147615,0.830193487056528,0.709821425584935,0.62,0.800618603814945,1,0,1,0,request_more_data,0,1
low_quality_artifact,369,153.742469125826,3.85922585439016,0.626212121212121,0.733333333333333,0.939243348405862,0.830617886007436,0.711068358445436,0.62,0.78638095854654,1,0,1,0,request_more_data,0,1
low_quality_artifact,370,154.166368213837,3.86986744633475,0.754974292042398,0.816666666666667,0.920043333968274,0.83751980125773,0.646992909891754,0.62,0.745262642202059,1,0,0,1,request_confirmation,0,1
low_quality_artifact,371,154.591265794693,3.88053410451263,0.719101307189543,0.85,0.954346736764491,0.853471856038148,0.606316297729707,0.62,0.7403303280702,1,0,0,1,request_confirmation,0,1
low_quality_artifact,372,155.007115287363,3.89097361886056,0.649881342062193,0.783333333333333,0.924259583315099,0.845895593546382,0.612279919258508,0.62,0.754459735821188,1,0,0,1,request_confirmation,0,1
low_quality_artifact,373,155.418984718596,3.90131321747165,0.553191554467564,0.716666666666667,0.975876233806923,0.845017127316569,0.668444995918293,0.62,0.787590119052961,1,0,0,1,request_confirmation,0,1
low_quality_artifact,374,155.823460864541,3.91146721453892,0.558223443223443,0.7,0.986769704138903,0.846285839703454,0.712557778314479,0.62,0.799035958147834,1,0,0,1,request_confirmation,0,1
low_quality_artifact,375,156.303111655952,3.92350840109127,0.534155052264808,0.683333333333333,0.972023670518159,0.841391122951877,0.752655029082436,0.62,0.814595498735416,1,0,0,1,request_confirmation,0,1
low_quality_artifact,376,156.775228374674,3.93536045176314,0.596393308853529,0.716666666666667,0.941425714797696,0.836343876845184,0.753566536584117,0.62,0.803647834649918,1,0,1,0,request_more_data,0,1
low_quality_artifact,377,157.234709369291,3.94689529434552,0.666403205531112,0.716666666666667,0.972591152743961,0.845612455738031,0.738562847704045,0.62,0.786845020361532,1,0,1,0,request_more_data,0,1
low_quality_artifact,378,157.675315376618,3.95795629794502,0.700116279069767,0.716666666666667,0.968706092878565,0.853119995734598,0.71663239648509,0.62,0.774636140783267,1,0,1,0,request_more_data,0,1
low_quality_artifact,379,158.070803481328,3.96788465860514,0.724488636363636,0.8,0.9490852884442,0.858569421724184,0.666660442745525,0.62,0.756256969423292,1,0,1,0,request_more_data,0,1
low_quality_artifact,380,158.46514208448,3.97778416209889,0.624061784897025,0.766666666666667,0.98843586332675,0.865191285057886,0.675043138973921,0.62,0.776680957631233,1,0,1,0,request_more_data,0,1
low_quality_artifact,381,158.933515798932,3.98954224813338,0.671056535685646,0.716666666666667,0.983808772407124,0.8686339397615,0.678790843266812,0.62,0.769271259691291,1,0,1,0,request_more_data,0,1
low_quality_artifact,382,159.311593358292,3.99903353326212,0.628472222222222,0.75,0.975554894608236,0.867842281760133,0.683919127766663,0.62,0.778372355774666,1,0,1,0,request_more_data,0,1
low_quality_artifact,383,159.640850022659,4.00729921527545,0.547271557271557,0.7,0.989976344564935,0.862878980892559,0.72456046810139,0.62,0.804368050759509,1,0,1,0,request_more_data,0,1
low_quality_artifact,384,160.119415978963,4.01931316805244,0.571064993564994,0.616666666666667,0.993161100518793,0.856885203187539,0.767075735129941,0.62,0.811989506994685,1,0,1,0,request_more_data,0,1
low_quality_artifact,385,160.533341287348,4.02970437754535,0.645292792792793,0.616666666666667,0.94063048421225,0.844973973606533,0.773841175368362,0.62,0.800522826400439,1,0,1,0,request_more_data,0,1
low_quality_artifact,386,160.903053775816,4.03898566535741,0.664163449163449,0.7,0.945724583066219,0.843001601634267,0.754007595073413,0.62,0.791572705771135,1,0,1,0,request_more_data,0,1
low_quality_artifact,387,161.316369896908,4.04936158177052,0.641608409321175,0.783333333333333,0.954369070864144,0.847281638614987,0.725991061212844,0.62,0.787787983461785,1,0,1,0,request_more_data,0,1
low_quality_artifact,388,161.747453631718,4.06018353758395,0.660568181818182,0.8,0.907382978941559,0.837937474581362,0.689405243619555,0.62,0.774131195486203,1,0,1,0,request_more_data,0,1
low_quality_artifact,389,162.168785648209,4.07076068558807,0.617847376201035,0.683333333333333,0.952089680938458,0.836080765092581,0.711773298571776,0.62,0.788083995883911,1,0,1,0,request_more_data,0,1
low_quality_artifact,390,162.539298472326,4.08006206508147,0.51713963963964,0.616666666666667,0.98103531071225,0.830808299441334,0.77267179639915,0.62,0.823262967856627,1,0,1,0,request_more_data,0,1
low_quality_artifact,391,163.003097139222,4.09170529880654,0.653242753623188,0.766666666666667,0.919793824802282,0.828950519965895,0.737361637317791,0.62,0.788877562796808,1,0,1,0,request_more_data,0,1
low_quality_artifact,392,163.461657455948,4.10321702862764,0.92302111410602,0.933333333333333,0.782126228571066,0.786072523802834,0.553975273572518,0.62,0.688969276061221,1,0,0,1,request_confirmation,0,1
high_risk_irregular,152,62.6377244763853,1.57337286117376,0.782954545454545,0.833333333333333,0.810621477006209,0.388467875403029,0.208420585211177,0.62,0.617425945677312,1,0,0,1,request_confirmation,0,1
high_risk_irregular,153,63.0309322576097,1.58325181275852,0.642164634146342,0.8,0.915412610585707,0.536697529792583,0.375331938764676,0.62,0.689503308707768,1,0,0,1,request_confirmation,0,1
high_risk_irregular,154,63.4367862237751,1.59344848707087,0.71960407239819,0.85,0.894838259646131,0.649944028991976,0.437342048015191,0.62,0.692927040412579,1,0,0,1,request_confirmation,0,1
high_risk_irregular,155,63.8560517946853,1.60398211451658,0.577623839009288,0.85,0.969499526640583,0.720776260660549,0.526206386560671,0.62,0.743365497215316,1,0,0,1,request_confirmation,0,1
high_risk_irregular,156,64.1879472424199,1.61232065514556,0.554627659574468,0.783333333333333,0.972591615335277,0.759959664416122,0.605065613294739,0.62,0.769585392999123,1,0,0,1,request_confirmation,0,1
high_risk_irregular,157,64.6488636415786,1.62390071792491,0.651319444444445,0.8,0.892245682061887,0.775656789851757,0.613317162162389,0.62,0.754491305405469,1,0,0,1,request_confirmation,0,1
high_risk_irregular,158,65.0211687121153,1.63325450984413,0.730360962566845,0.85,0.833957526400964,0.7737782247344,0.570792060393394,0.62,0.728356803648118,1,0,0,1,request_confirmation,0,1
high_risk_irregular,159,65.4157689188932,1.64316844472597,0.688257575757576,0.833333333333333,0.860830182204683,0.778961544853476,0.562419625638169,0.62,0.733591131542324,1,0,1,0,request_more_data,0,1
high_risk_irregular,160,65.8465409833583,1.65399116129496,0.638690476190476,0.75,0.913828314762288,0.790478517008025,0.599789558828627,0.62,0.75297679075773,1,0,1,0,request_more_data,0,1
high_risk_irregular,161,66.2465777567851,1.66404168446746,0.779937888198758,0.766666666666667,0.812909364549446,0.774332392110394,0.565950581764993,0.62,0.718077343018422,1,0,1,0,request_more_data,0,1
high_risk_irregular,162,66.611619036992,1.67321298093156,0.676904761904762,0.833333333333333,0.867552195952593,0.780838117358839,0.563443242523307,0.62,0.735921250763669,1,0,1,0,request_more_data,0,1
high_risk_irregular,163,66.9921086584188,1.68277240149255,0.616323529411765,0.85,0.924255802870069,0.799318725107533,0.583713041323113,0.62,0.752501416276354,1,0,1,0,request_more_data,0,1
high_risk_irregular,164,67.4211474411081,1.69355157109334,0.677434640522876,0.85,0.885363694675211,0.803306722808873,0.570881742032648,0.62,0.737908652475024,1,0,1,0,request_more_data,0,1
high_risk_irregular,165,67.8288337671355,1.70379428161155,0.58729674796748,0.75,0.92848423166026,0.807442251917244,0.620235884461604,0.62,0.767952633015103,1,0,1,0,request_more_data,0,1
high_risk_irregular,166,68.2692460772577,1.71485919969501,0.624981884057971,0.766666666666667,0.902925230544472,0.806793555064219,0.636842572905871,0.62,0.765819181283209,1,0,1,0,request_more_data,0,1
high_risk_irregular,167,68.7263074860769,1.72634240970403,0.62195652173913,0.833333333333333,0.931685694756484,0.81803536931955,0.63674437647495,0.62,0.766336251499942,1,0,1,0,request_more_data,0,1
high_risk_irregular,168,69.1620260943711,1.73728940323125,0.595562015503876,0.8,0.960923533465672,0.829817984520065,0.655569439682165,0.62,0.776358280320309,1,0,1,0,request_more_data,0,1
high_risk_irregular,169,69.6066608962719,1.74846040719052,0.690806119082962,0.783333333333333,0.893030644609194,0.822905559715092,0.633903884210967,0.62,0.753147986144138,1,0,1,0,request_more_data,0,1
high_risk_irregular,170,70.0485275500266,1.75956186420077,0.760457317073171,0.8,0.841307894379096,0.804435568593844,0.586118387065428,0.62,0.727230831305149,1,0,0,1,request_confirmation,0,1
high_risk_irregular,171,70.4513126372994,1.76968143600537,0.669897563676633,0.716666666666667,0.879291940035529,0.798246095246603,0.609406824274621,0.62,0.7500523493351,1,0,0,1,request_confirmation,0,1
high_risk_irregular,172,70.8252465017861,1.77907614974084,0.499035087719298,0.633333333333333,0.977781267334707,0.800862244830318,0.703978394902964,0.62,0.807287634783356,1,0,0,1,request_confirmation,0,1
high_risk_irregular,173,71.2505321203156,1.78976102485206,0.638690476190476,0.75,0.879457241339044,0.795796248843224,0.695116944931102,0.62,0.779668458866423,1,0,0,1,request_confirmation,0,1
high_risk_irregular,174,71.6460006993497,1.7996967767169,0.797517006802721,0.816666666666667,0.805028531136859,0.776293324051718,0.61180619610619,0.62,0.727752673685243,1,0,0,1,request_confirmation,0,1
high_risk_irregular,175,72.0281064051676,1.80929679977921,0.738410852713178,0.833333333333333,0.84967396737877,0.77947414631883,0.573693184179005,0.62,0.727720138081749,1,0,0,1,request_confirmation,0,1
high_risk_irregular,176,72.4106708600318,1.81890834845172,0.635555555555555,0.833333333333333,0.924251324018313,0.799028076280945,0.588955975193724,0.62,0.750507673054243,1,0,1,0,request_more_data,0,1
high_risk_irregular,177,72.817722661664,1.82913511718018,0.642164634146342,0.8,0.928481853816752,0.811525906989889,0.604574538080806,0.62,0.753691236516284,1,0,1,0,request_more_data,0,1
high_risk_irregular,178,73.2528331536235,1.8400668323937,0.66593023255814,0.833333333333333,0.906972566251969,0.816551427265961,0.595427392594841,0.62,0.74685222806609,1,0,1,0,request_more_data,0,1
high_risk_irregular,179,73.6415257282317,1.84983234393558,0.741132075471698,0.883333333333333,0.849313451917557,0.805300470040256,0.541665002569458,0.62,0.718262427134543,1,0,1,0,request_more_data,0,1
high_risk_irregular,180,74.1123919584586,1.86166238625271,0.855749485840848,0.816666666666667,0.765679520118433,0.766930043534511,0.477104044575202,0.62,0.679554225029704,1,0,1,0,request_more_data,0,1
high_risk_irregular,181,74.4824306279327,1.87095923711572,0.7625,0.75,0.81140438520248,0.758146465653326,0.49047147940775,0.62,0.70008201423417,1,0,1,0,request_more_data,0,1
high_risk_irregular,182,74.8615528241674,1.88048430248865,0.722222222222222,0.75,0.857587491817673,0.765596794311658,0.518651709532672,0.62,0.715222478669148,1,0,0,1,request_confirmation,0,1
high_risk_irregular,183,75.240113338547,1.88999525616767,0.690806119082962,0.783333333333333,0.878606208655387,0.776957290007553,0.540836336444384,0.62,0.727089072769494,1,0,0,1,request_confirmation,0,1
high_risk_irregular,184,75.6422378238385,1.90009823100929,0.658315217391304,0.766666666666667,0.874988852111267,0.780321581772787,0.56959012551379,0.62,0.740988496013427,1,0,0,1,request_confirmation,0,1
high_risk_irregular,185,76.090879101262,1.91136989365235,0.629622093023256,0.716666666666667,0.905607899731139,0.78651804928395,0.614872355580362,0.62,0.758832282818315,1,0,0,1,request_confirmation,0,1
high_risk_irregular,186,76.5060570975446,1.92180082488051,0.55625,0.666666666666667,0.960281667142669,0.795327739894035,0.685334993449085,0.62,0.791768798165744,1,0,0,1,request_confirmation,0,1
high_risk_irregular,187,76.9755531000512,1.93359644159886,0.573147694818441,0.716666666666667,0.952395181964317,0.804623251776789,0.718238820573632,0.62,0.797940284693297,1,0,0,1,request_confirmation,0,1
high_risk_irregular,188,77.4035514892243,1.94434947235483,0.695585106382979,0.783333333333333,0.874898947813854,0.801198796681589,0.678202071750256,0.62,0.764691260941135,1,0,1,0,request_more_data,0,1
high_risk_irregular,189,77.8552354935373,1.95569758046277,0.652029505582137,0.733333333333333,0.914679594503451,0.805735104645755,0.681090140372342,0.62,0.773339928299471,1,0,1,0,request_more_data,0,1
high_risk_irregular,190,78.2187350813116,1.96483014344898,0.560872093023256,0.716666666666667,0.988141955945678,0.819469448154577,0.72179959931086,0.62,0.801146911062855,1,0,1,0,request_more_data,0,1
high_risk_irregular,191,78.6839689499143,1.97651867832283,0.55140243902439,0.683333333333333,0.973095810548643,0.823059605699443,0.757771971684487,0.62,0.812923713047266,1,0,1,0,request_more_data,0,1
high_risk_irregular,192,79.1674167600335,1.98866482023043,0.624007936507937,0.75,0.924260766086049,0.822419680885243,0.74110361897264,0.62,0.795187584740911,1,0,1,0,request_more_data,0,1
high_risk_irregular,193,79.6080663884995,1.99973570069952,0.564850427350427,0.75,0.958092687169544,0.82668163962583,0.750892935552688,0.62,0.808576945031676,1,0,1,0,request_more_data,0,1
high_risk_irregular,194,80.0758050712654,2.01148716651989,0.557272727272727,0.733333333333333,0.978662005556476,0.833100988389704,0.765887331981586,0.62,0.814139362045753,1,0,1,0,request_more_data,0,1
high_risk_irregular,195,80.503516272644,2.02223298197023,0.607319109461967,0.816666666666667,0.939250118236408,0.83572304051898,0.736480147179297,0.62,0.796897001507049,1,0,1,0,request_more_data,0,1
high_risk_irregular,196,80.9882833466334,2.03441226906091,0.872393048128342,0.916666666666667,0.793674797224126,0.795125083290245,0.57731222554725,0.62,0.704616674490128,1,0,0,1,request_confirmation,0,1
high_risk_irregular,278,115.373873855011,2.89831578284083,0.94364406779661,1,0.954712883426617,0.594123257195281,0.106616255311569,0.62,0.55999661928385,1,0,0,0,observe,1,0
high_risk_irregular,279,115.792403631354,2.90883092418516,0.94364406779661,1,0.999007107545011,0.8044735994441,0.117761114335053,0.62,0.563117179810425,1,1,0,0,alert,1,0
high_risk_irregular,280,116.186062680755,2.91872121343077,0.962429378531073,1,0.999477508441787,0.89677333671729,0.0946377886615908,0.62,0.558524450584389,1,0,0,1,request_confirmation,1,0
high_risk_irregular,281,116.563375748445,2.92820082626142,0.88728813559322,1,0.999467348610332,0.928748319776511,0.0974825793217733,0.62,0.572846415698054,1,0,0,1,request_confirmation,1,0
high_risk_irregular,282,116.98687494047,2.93884081919636,0.868502824858757,1,0.99939799356058,0.942041989591901,0.103392281574371,0.62,0.577882488260984,1,0,0,1,request_confirmation,1,0
high_risk_irregular,283,117.411800830073,2.94951665647868,0.83093220338983,1,0.999632313529243,0.94611013196519,0.121128966981937,0.62,0.58961147203951,1,0,0,1,request_confirmation,1,0
high_risk_irregular,284,117.816555485905,2.9596857117202,0.793361581920904,1,0.999656436785631,0.945934362732839,0.148396496151077,0.62,0.604009092071276,1,0,0,1,request_confirmation,1,0
high_risk_irregular,285,118.239917201956,2.97032225070904,0.83093220338983,1,0.999491949239631,0.94793797608336,0.153076098072115,0.62,0.59855666874476,1,0,0,1,request_confirmation,1,0
high_risk_irregular,286,118.659927180412,2.98087458064858,0.88728813559322,1,0.998748676926968,0.951722364565538,0.133700550174854,0.62,0.582987447536916,1,0,0,1,request_confirmation,1,0
high_risk_irregular,287,119.079964791452,2.99142760482913,0.906073446327684,1,0.998399875396071,0.95428256205001,0.111804866812013,0.62,0.573475300263117,1,0,0,1,request_confirmation,1,0
high_risk_irregular,288,119.490601643994,3.00174444437017,0.868502824858757,1,0.999071227847867,0.953788913746724,0.110784854153367,0.62,0.579952408583103,1,0,0,1,request_confirmation,1,0
high_risk_irregular,289,119.890555691568,3.01179288913849,0.906073446327684,1,0.999163205683794,0.955605408398319,0.0951640585634307,0.62,0.568815873953514,1,0,0,1,request_confirmation,1,0
high_risk_irregular,290,120.281387523181,3.0216121473695,0.868502824858757,1,0.999502998555392,0.954623507895152,0.0987060676312015,0.62,0.576570348356897,1,0,0,1,request_confirmation,1,0
high_risk_irregular,291,120.693486727245,3.03196572702752,0.83093220338983,1,0.999443160069036,0.952145865690138,0.116312999263024,0.62,0.588263001078214,1,0,0,1,request_confirmation,1,0
high_risk_irregular,292,121.099909423838,3.04217669012212,0.812146892655367,1,0.999311251080542,0.949857078155734,0.136730192672358,0.62,0.597361171165031,1,0,0,1,request_confirmation,1,0
high_risk_irregular,293,121.523639481627,3.0528224833281,0.812146892655367,1,0.999601928314442,0.948855975022641,0.151723628429028,0.62,0.601559333176899,1,0,0,1,request_confirmation,1,0
high_risk_irregular,294,121.935560813346,3.06317159412165,0.88728813559322,1,0.99961664884151,0.952587883933809,0.132727378381226,0.62,0.582714959434701,1,0,0,1,request_confirmation,1,0
high_risk_irregular,295,122.34097225088,3.07335715034548,0.906073446327684,1,0.999555422168757,0.955275857210764,0.111145218148582,0.62,0.573290598637357,1,0,0,1,request_confirmation,1,0
high_risk_irregular,296,122.770748832184,3.08415485639733,0.906073446327684,1,0.999588738665613,0.956492225403047,0.0953068573750602,0.62,0.568855857620771,1,0,0,1,request_confirmation,1,0
high_risk_irregular,297,123.189238637332,3.09466899350544,0.88728813559322,1,0.999626873979472,0.956077189185996,0.0912471611960145,0.62,0.571100498622841,1,0,0,1,request_confirmation,1,0
high_risk_irregular,298,123.571888961739,3.1042826995642,0.906073446327684,1,0.999258265989464,0.95667595562169,0.0808502094012677,0.62,0.559544838293372,1,0,0,1,request_confirmation,1,0
high_risk_irregular,299,123.980885838608,3.11455833635937,0.924858757062147,1,0.998546050662228,0.957532655689283,0.0657348437435191,0.62,0.551931179976999,1,0,0,1,request_confirmation,1,0
high_risk_irregular,300,124.393725234772,3.12493051260238,0.868502824858757,1,0.998096990098363,0.954814302895586,0.077130918451601,0.62,0.565266148691872,1,0,0,1,request_confirmation,1,0
high_risk_irregular,301,124.781175076546,3.13466480172681,0.849717514124294,1,0.998918792087311,0.952973121995206,0.093217892347539,0.62,0.573151857314938,1,0,0,1,request_confirmation,1,0
high_risk_irregular,302,125.185060737104,3.14481202433263,0.868502824858757,1,0.99931815799279,0.953302456622849,0.0975795689945184,0.62,0.570991770843889,1,0,0,1,request_confirmation,1,0
high_risk_irregular,303,125.588298500123,3.15494296916187,0.868502824858757,1,0.999412502328135,0.953503612904176,0.100694148554587,0.62,0.571863853120708,1,0,0,1,request_confirmation,1,0
high_risk_irregular,304,126.007465778077,3.16547412709552,0.924858757062147,1,0.999483333866558,0.956653029058413,0.0804927941769641,0.62,0.556063406098364,1,1,0,0,alert,1,0
high_risk_irregular,305,126.409814739902,3.17558274168517,0.88728813559322,1,0.999328572095914,0.9559970416967,0.0805271008150332,0.62,0.568098881716167,1,0,0,1,request_confirmation,1,0
high_risk_irregular,306,126.827592177677,3.18607898127669,0.83093220338983,1,0.999286458306097,0.952739222406888,0.103050404331015,0.62,0.584549474497252,1,0,0,1,request_confirmation,1,0
high_risk_irregular,307,127.214378717768,3.1957966056108,0.83093220338983,1,0.999400595734566,0.951207750843112,0.11964836136983,0.62,0.58919690246812,1,0,0,1,request_confirmation,1,0
high_risk_irregular,308,127.630581151606,3.20625327480625,0.88728813559322,1,0.999177967537621,0.953435125552293,0.109315264029587,0.62,0.576159567416242,1,0,0,1,request_confirmation,1,0
high_risk_irregular,309,128.01854997634,3.21600060285761,0.906073446327684,1,0.999267807735133,0.955502586507325,0.0941584132288019,0.62,0.568534293259818,1,0,0,1,request_confirmation,1,0
high_risk_irregular,310,128.438100513594,3.22654138979723,0.849717514124294,1,0.999757097842045,0.953714397589895,0.105500646886288,0.62,0.581854186480525,1,0,0,1,request_confirmation,1,0
high_risk_irregular,311,128.848410354895,3.23685001350845,0.849717514124294,1,0.999508770480664,0.952739522411571,0.113838963546198,0.62,0.584188915145299,1,0,0,1,request_confirmation,1,0
high_risk_irregular,312,129.278759466067,3.24766210379967,0.849717514124294,1,0.999446098579889,0.952243879278487,0.119944996833355,0.62,0.585898604465703,1,0,0,1,request_confirmation,1,0
high_risk_irregular,313,129.704858145419,3.25836740624952,0.812146892655367,1,0.999545478797452,0.950016144069712,0.13936228231626,0.62,0.598098156265324,1,0,0,1,request_confirmation,1,0
high_risk_irregular,314,130.142394715747,3.26936007425158,0.812146892655367,1,0.999036692288065,0.948668813665156,0.153532962014376,0.62,0.602065946580796,1,0,0,1,request_confirmation,1,0
high_risk_irregular,315,130.544491760215,3.27946235967001,0.737005649717514,1,0.999362227896132,0.943932919199896,0.193833109228886,0.62,0.626875411529673,1,0,0,1,request_confirmation,1,0
high_risk_irregular,316,130.925040635765,3.28902326893147,0.755790960451977,1,0.999364529976901,0.942488477146422,0.215907146696391,0.62,0.62967478608837,1,0,0,1,request_confirmation,1,0
high_risk_irregular,317,131.307806284816,3.29863987240636,0.94364406779661,1,0.998793319289586,0.95259478902022,0.157129304730985,0.62,0.579403431016023,1,0,0,1,request_confirmation,1,0
high_risk_irregular,318,131.725800580528,3.30914156033631,0.924858757062147,1,0.999526015765414,0.956279888938035,0.121233743785943,0.62,0.572734029883615,1,0,0,1,request_confirmation,1,0
high_risk_irregular,319,132.153846910275,3.31989579555117,0.906073446327684,1,0.999177692576358,0.956724018336698,0.102408015524414,0.62,0.57084418190259,1,0,0,1,request_confirmation,1,0
high_risk_irregular,320,132.591121154924,3.33088187288334,0.88728813559322,1,0.999038156100938,0.955879974644311,0.0962632026752091,0.62,0.572504990237016,1,0,0,1,request_confirmation,1,0
high_risk_irregular,321,133.00451445953,3.34126796552105,0.849717514124294,1,0.999390115440529,0.95371344915337,0.106929488017667,0.62,0.582254261997311,1,0,0,1,request_confirmation,1,0
high_risk_irregular,322,133.407661990466,3.3513966433596,0.868502824858757,1,0.99930680632849,0.95364209531946,0.107367046773854,0.62,0.57899542251684,1,0,0,1,request_confirmation,1,0
high_risk_irregular,323,133.839716137155,3.36225157096008,0.868502824858757,1,0.999289080642328,0.953599880319295,0.107688010708434,0.62,0.573822134523785,1,0,0,1,request_confirmation,1,0
high_risk_irregular,324,134.256563353755,3.37272443967645,0.94364406779661,1,0.999154560937354,0.957520684132305,0.0780015095394875,0.62,0.551984490467667,1,0,0,1,request_confirmation,1,0
high_risk_irregular,325,134.664744367018,3.38297957871589,0.906073446327684,1,0.999326546668752,0.957355650048551,0.0711587076601392,0.62,0.556831217805856,1,0,0,1,request_confirmation,1,0
high_risk_irregular,326,135.087892622601,3.39361075472431,0.906073446327684,1,0.998646914074385,0.956924881114714,0.0661689502403318,0.62,0.55543408572831,1,0,0,1,request_confirmation,1,0
high_risk_irregular,327,135.49323352707,3.40379453887554,0.94364406779661,1,0.998684437997267,0.958678251281457,0.0476763111599205,0.62,0.543493434921388,1,0,0,1,request_confirmation,1,0
high_risk_irregular,328,135.901875582492,3.41406126113732,0.924858757062147,1,0.999047243184806,0.958674038803584,0.0416839211620367,0.62,0.545196921654184,1,0,0,1,request_confirmation,1,0
high_risk_irregular,329,136.314769387215,3.42443480434088,0.906073446327684,1,0.999224429577437,0.957816391492723,0.0448676915704966,0.62,0.549469733300756,1,1,0,0,alert,1,0
high_risk_irregular,330,136.728747573487,3.43483559154448,0.83093220338983,1,0.999581664860024,0.953767473708185,0.0772058318044287,0.62,0.577312994189808,1,0,0,1,request_confirmation,1,0
high_risk_irregular,331,137.135524400797,3.44505545181859,0.868502824858757,1,0.999539542966512,0.953784534164115,0.0859878487271016,0.62,0.573009247063749,1,0,0,1,request_confirmation,1,0
high_risk_irregular,332,137.550895139357,3.45549122550337,0.906073446327684,1,0.998928799470802,0.955480269303881,0.0772825799278791,0.62,0.56380905993556,1,0,0,1,request_confirmation,1,0
high_risk_irregular,333,137.954744675347,3.4656375405156,0.868502824858757,1,0.999349172097968,0.954487644222757,0.0858270595285662,0.62,0.572964226088159,1,0,0,1,request_confirmation,1,0
high_risk_irregular,334,138.36647239053,3.47598178688766,0.88728813559322,1,0.999576288442582,0.955136565314115,0.0846417532392489,0.62,0.569250984394947,1,0,0,1,request_confirmation,1,0
high_risk_irregular,335,138.763853505763,3.4859655893085,0.94364406779661,1,0.999091810601531,0.958140238295761,0.06122733605396,0.62,0.552550879786456,1,0,0,1,request_confirmation,1,0
high_risk_irregular,336,139.164716546955,3.49603687163085,0.94364406779661,1,0.998871463698261,0.959297778157006,0.0440036997398299,0.62,0.547728261618499,1,0,0,1,request_confirmation,1,0
high_risk_irregular,337,139.595691702812,3.50686469066761,0.88728813559322,1,0.999206688319986,0.957140985121305,0.0539419990688638,0.62,0.560655053227239,1,0,0,1,request_confirmation,1,0
high_risk_irregular,338,140.010242128534,3.51727985481412,0.94364406779661,1,0.999246946716719,0.959078077643196,0.0389160308308543,0.62,0.546303714323986,1,0,0,1,request_confirmation,1,0
high_risk_irregular,339,140.420984863897,3.52759935455496,0.981214689265537,1,0.998633001619811,0.961446890313629,0.03,0.62,0.53704451382694,1,0,0,1,request_confirmation,1,0
high_risk_irregular,340,140.83983414784,3.53812252320769,0.924858757062147,1,0.99922814617267,0.959977559977611,0.03,0.62,0.54718858162355,1,0,0,1,request_confirmation,1,0
high_risk_irregular,341,141.237741988484,3.5481195590768,0.94364406779661,1,0.99898963571656,0.960144282080739,0.03,0.62,0.543807225691347,1,0,0,1,request_confirmation,1,0
high_risk_irregular,342,141.650352932836,3.55848599569689,0.906073446327684,1,0.99892271508576,0.958313575085563,0.0362532191531658,0.62,0.55232083891864,1,0,0,1,request_confirmation,1,0
high_risk_irregular,343,142.081922064374,3.56932873777757,0.812146892655367,1,0.999550741380318,0.953036582044784,0.0784201722094299,0.62,0.581034365435411,1,0,0,1,request_confirmation,1,0
high_risk_irregular,344,142.506858061475,3.58000482900066,0.812146892655367,1,0.99951683465317,0.950396797082002,0.109371554417682,0.62,0.589700752453722,1,0,0,1,request_confirmation,1,0
high_risk_irregular,345,142.945978762424,3.5910372966976,0.924858757062147,1,0.99893884077471,0.955007105292069,0.0870256360521121,0.62,0.563155759718142,1,0,0,1,request_confirmation,1,0
high_risk_irregular,346,143.342253814618,3.60099331039264,0.94364406779661,1,0.998557866520682,0.957792914951597,0.0628942614800063,0.62,0.553017618905749,1,0,0,1,request_confirmation,1,0
high_risk_irregular,347,143.754868726623,3.61135984669604,0.88728813559322,1,0.99920298865445,0.956452486570438,0.0677125081314968,0.62,0.564510795764776,1,0,0,1,request_confirmation,1,0
high_risk_irregular,348,144.142282399348,3.62109322710934,0.849717514124294,1,0.999248628893501,0.953916655374156,0.0862914302152835,0.62,0.571212447917906,1,0,0,1,request_confirmation,1,0
high_risk_irregular,349,144.574528491145,3.63195297713833,0.906073446327684,1,0.999200691513824,0.955682081933613,0.07751888237204,0.62,0.558612066725188,1,0,0,1,request_confirmation,1,0
high_risk_irregular,350,144.999598690764,3.64263244006525,0.94364406779661,1,0.998842903153742,0.958236138972772,0.0560074658611556,0.62,0.545826158237734,1,0,0,1,request_confirmation,1,0
high_risk_irregular,351,145.428672173315,3.65341248146531,0.88728813559322,1,0.999455203276717,0.956784504239804,0.0627342853710077,0.62,0.557853735497102,1,0,0,1,request_confirmation,1,0
high_risk_irregular,352,145.851121646265,3.66402610126011,0.83093220338983,1,0.999613509103038,0.95328031666223,0.0901899975320877,0.62,0.575685402698815,1,0,0,1,request_confirmation,1,0
high_risk_irregular,353,146.23408593875,3.67364769545229,0.868502824858757,1,0.999422154877794,0.953498147078567,0.0953773127951536,0.62,0.570375139108067,1,0,0,1,request_confirmation,1,0
high_risk_irregular,354,146.644327174814,3.68395459552566,0.88728813559322,1,0.999151902267916,0.954466706104683,0.0915786245280965,0.62,0.565930150461087,1,1,0,0,alert,1,0
high_risk_irregular,355,147.03542143009,3.69378044688829,0.906073446327684,1,0.999097990837427,0.955873437849891,0.0812512924736943,0.62,0.564920299448388,1,0,0,1,request_confirmation,1,0
high_risk_irregular,356,147.442626895843,3.70401107627384,0.83093220338983,1,0.999586864370391,0.952823808231605,0.103621813566887,0.62,0.584709469083296,1,0,0,1,request_confirmation,1,0
high_risk_irregular,357,147.834513113829,3.71385682490617,0.812146892655367,1,0.999689958880609,0.95037255155149,0.12756151198847,0.62,0.594793940573542,1,0,0,1,request_confirmation,1,0
high_risk_irregular,358,148.247556278605,3.72423412063144,0.849717514124294,1,0.999436660938359,0.951110812554738,0.130091093507825,0.62,0.588739511534555,1,0,0,1,request_confirmation,1,0
high_risk_irregular,359,148.668663596679,3.73481402012956,0.88728813559322,1,0.998914161921095,0.953255135884618,0.116813309133889,0.62,0.578259020045446,1,0,0,1,request_confirmation,1,0
high_risk_irregular,360,149.061573159963,3.74468547928731,0.868502824858757,1,0.999031110438252,0.953289418984488,0.11450201220742,0.62,0.580993212838238,1,0,0,1,request_confirmation,1,0
high_risk_irregular,361,149.483553647523,3.75528731629404,0.849717514124294,1,0.999459637594414,0.952512706193398,0.120361988217753,0.62,0.586015362053335,1,0,0,1,request_confirmation,1,0
high_risk_irregular,362,149.916045493835,3.76615324065904,0.812146892655367,1,0.999647524068825,0.950197877455106,0.13964443786959,0.62,0.598177159820256,1,0,0,1,request_confirmation,1,0
high_risk_irregular,363,150.305785258782,3.77594506180911,0.755790960451977,1,0.999652075860782,0.945922064807604,0.176219121532575,0.62,0.618562139042502,1,0,0,1,request_confirmation,1,0
high_risk_irregular,364,150.688329013064,3.78555609040022,0.718220338983051,1,0.999547935028225,0.941449059532976,0.217975815881289,0.62,0.637016725324549,1,0,1,0,request_more_data,1,0
high_risk_irregular,365,151.087568034618,3.79558657085612,0.774576271186441,1,0.999658436682023,0.942437978283565,0.226128789988848,0.62,0.629155490278055,1,0,1,0,request_more_data,1,0
high_risk_irregular,366,151.487494274203,3.8056343169766,0.868502824858757,1,0.999657606452236,0.948558884553206,0.194504513322068,0.62,0.60339391315034,1,0,1,0,request_more_data,1,0
high_risk_irregular,367,151.888848024552,3.81571792787491,0.924858757062147,1,0.999080559559825,0.954282224171233,0.148545689250732,0.62,0.580381374613755,1,0,1,0,request_more_data,1,0
high_risk_irregular,368,152.314027692708,3.82640014108912,0.924858757062147,1,0.998669076476472,0.956555539773744,0.114760365240454,0.62,0.570921483890878,1,0,1,0,request_more_data,1,0
high_risk_irregular,369,152.742687662726,3.83716979340106,0.924858757062147,1,0.999016509602998,0.957732545117092,0.0902201939282738,0.62,0.564050235923467,1,0,1,0,request_more_data,1,0
high_risk_irregular,370,153.138962163791,3.84712579324955,0.88728813559322,1,0.9996699044109,0.95666523031314,0.0874500191023555,0.62,0.570037298836617,1,0,0,1,request_confirmation,1,0
high_risk_irregular,371,153.566796002518,3.85787468984039,0.94364406779661,1,0.99958232119446,0.959059186956615,0.0631357153346582,0.62,0.553085225985051,1,0,0,1,request_confirmation,1,0
high_risk_irregular,372,153.964125056462,3.8678571842735,0.924858757062147,1,0.99933351803308,0.958993601006297,0.0528060756054829,0.62,0.553574282793086,1,0,0,1,request_confirmation,1,0
high_risk_irregular,373,154.390237043586,3.87856282106779,0.868502824858757,1,0.999582476505751,0.956244109079933,0.0678356691293421,0.62,0.56266347888164,1,0,0,1,request_confirmation,1,0
high_risk_irregular,374,154.816946849768,3.88928347746704,0.868502824858757,1,0.999367819824506,0.954853363015921,0.0789413603540654,0.62,0.565773072424562,1,0,0,1,request_confirmation,1,0
high_risk_irregular,375,155.242805585944,3.89998275158497,0.793361581920904,1,0.999383802680902,0.950245743833985,0.11700246682392,0.62,0.589955605964935,1,0,0,1,request_confirmation,1,0
high_risk_irregular,376,155.647922085053,3.91016089777634,0.88728813559322,1,0.99882932297375,0.952816787417888,0.107476896999497,0.62,0.570381666753079,1,0,0,1,request_confirmation,1,0
high_risk_irregular,377,156.018240814383,3.91946478486267,0.924858757062147,1,0.997551204977863,0.955317304305809,0.0852219915055092,0.62,0.557387581350356,1,0,0,1,request_confirmation,1,0
high_risk_irregular,378,156.442497810998,3.93012381687875,0.88728813559322,1,0.998873691288912,0.955153522600108,0.0840282069468391,0.62,0.563816033538335,1,0,0,1,request_confirmation,1,0
high_risk_irregular,379,156.850212977104,3.94036725197505,0.849717514124294,1,0.999572710781193,0.953457114342517,0.0982241463247062,0.62,0.574553608428545,1,0,0,1,request_confirmation,1,0
high_risk_irregular,380,157.279545107263,3.95115379163714,0.868502824858757,1,0.999225448921527,0.95348153481435,0.101118352432751,0.62,0.571982630206594,1,0,0,1,request_confirmation,1,0
high_risk_irregular,381,157.686689780245,3.96138289366522,0.962429378531073,1,0.998692590296989,0.958215725662816,0.0657527148047931,0.62,0.545173472009749,1,1,0,0,alert,1,0
high_risk_irregular,382,158.10291662932,3.97184017626904,0.906073446327684,1,0.999405347379682,0.957707056212082,0.0622706308518292,0.62,0.559605714194266,1,0,0,1,request_confirmation,1,0
high_risk_irregular,383,158.542473574208,3.9828836041579,0.88728813559322,1,0.999544834720857,0.956589236733051,0.0673142004729953,0.62,0.564399269620396,1,0,0,1,request_confirmation,1,0
high_risk_irregular,384,158.964747882349,3.99349282311239,0.924858757062147,1,0.999446385923789,0.957977822570397,0.0561067394371887,0.62,0.554498468665963,1,0,0,1,request_confirmation,1,0
high_risk_irregular,385,159.39646237932,4.00433921735394,0.849717514124294,1,0.999517680730473,0.954776433397684,0.077795505075023,0.62,0.57409674677337,1,0,0,1,request_confirmation,1,0
high_risk_irregular,386,159.803537183113,4.01456656398864,0.849717514124294,1,0.999448250879176,0.953216004754469,0.09376420145079,0.62,0.578567981758585,1,0,0,1,request_confirmation,1,0
high_risk_irregular,387,160.196705372902,4.02444452087825,0.88728813559322,1,0.999137606553549,0.954330621563557,0.0904472945285889,0.62,0.570876535955962,1,0,0,1,request_confirmation,1,0
high_risk_irregular,388,160.617365868053,4.03501319439806,0.924858757062147,1,0.999112063729019,0.956814256131554,0.0729772202849625,0.62,0.55922220330334,1,0,0,1,request_confirmation,1,0
high_risk_irregular,389,161.028501213791,4.04534255808124,0.981214689265537,1,0.998786285355553,0.960617182550487,0.0376498584285165,0.62,0.539186474186925,1,0,0,1,request_confirmation,1,0
high_risk_irregular,390,161.421590781539,4.05521853967084,0.924858757062147,1,0.999267293913312,0.959637000265938,0.0342725698357001,0.62,0.548384901177546,1,0,0,1,request_confirmation,1,0
high_risk_irregular,391,161.839415099104,4.06571595707011,0.88728813559322,1,0.999187796504698,0.957286033140523,0.0468950542661682,0.62,0.558681908682484,1,0,0,1,request_confirmation,1,0
high_risk_irregular,392,162.271966693817,4.07658338255383,0.962429378531073,1,0.998631968089306,0.959761831189875,0.03,0.62,0.540425869759144,1,0,0,1,request_confirmation,1,0
high_risk_irregular,393,162.684055503134,4.08693670105427,0.906073446327684,1,0.999638125340698,0.958518962895524,0.0363822088442478,0.62,0.552356956032143,1,0,0,1,request_confirmation,1,0
high_risk_irregular,394,163.081975570911,4.09693404411783,0.849717514124294,1,0.999675904446966,0.955112391764129,0.0635517892654104,0.62,0.570108506346679,1,0,0,1,request_confirmation,1,0
high_risk_irregular,395,163.503727850207,4.10753014762056,0.849717514124294,1,0.999454508820092,0.953379251673693,0.0834715809170438,0.62,0.575686048009136,1,0,0,1,request_confirmation,1,0
high_risk_irregular,396,163.910603639533,4.11775249421613,0.849717514124294,1,0.999561865820207,0.952605914257727,0.0980222119484349,0.62,0.579760224697926,1,0,0,1,request_confirmation,1,0
high_risk_irregular,397,164.318310937415,4.12799573163119,0.755790960451977,1,0.99976063416202,0.947240957905496,0.145992519314157,0.62,0.610098690421345,1,0,0,1,request_confirmation,1,0
high_risk_irregular,398,164.730777509519,4.1383585410432,0.755790960451977,1,0.99980470069455,0.944427884947188,0.181141595677912,0.62,0.619940431803196,1,0,0,1,request_confirmation,1,0
high_risk_irregular,399,165.143071357079,4.14871701092406,0.849717514124294,1,0.999680219586085,0.948396822306871,0.169368539194915,0.62,0.59973719632694,1,0,0,1,request_confirmation,1,0
high_risk_irregular,400,165.557087623997,4.15911875486577,0.868502824858757,1,0.999378488496427,0.951198038622761,0.15293148098991,0.62,0.586490306202599,1,0,0,1,request_confirmation,1,0
high_risk_irregular,401,165.974050171528,4.16959452115628,0.924858757062147,1,0.998995226586855,0.955386506288126,0.118305169435776,0.62,0.566650871170831,1,0,0,1,request_confirmation,1,0
high_risk_irregular,402,166.38666138548,4.1799609645498,0.906073446327684,1,0.998826389134404,0.956140943953624,0.100358059142168,0.62,0.565007036220824,1,0,0,1,request_confirmation,1,0
high_risk_irregular,403,166.78089455063,4.18986567787844,0.906073446327684,1,0.999236133971177,0.956692759930588,0.0874002085425156,0.62,0.561378838052921,1,0,0,1,request_confirmation,1,0
high_risk_irregular,404,167.198174823036,4.20034942668812,0.924858757062147,1,0.999295801448884,0.957942158329432,0.0705389176935725,0.62,0.553276320683014,1,0,0,1,request_confirmation,1,0
high_risk_irregular,405,167.609635358231,4.21068696043066,0.962429378531073,1,0.998574736980065,0.960002362234095,0.0432182210620528,0.62,0.538863813761782,1,0,0,1,request_confirmation,1,0
high_risk_irregular,406,167.997498445679,4.22043163193861,0.924858757062147,1,0.998746863486587,0.959089913567845,0.0382886910123281,0.62,0.544246257212265,1,1,0,0,alert,1,0
high_risk_irregular,407,168.399844546145,4.23054017463947,0.868502824858757,1,0.999400386269722,0.95619731353149,0.0573504373370048,0.62,0.564990771874522,1,0,0,1,request_confirmation,1,0
high_risk_irregular,408,168.828414806463,4.24130757308506,0.812146892655367,1,0.999287726872181,0.951860448014637,0.093817321864117,0.62,0.585345567338724,1,0,0,1,request_confirmation,1,0
high_risk_irregular,409,169.23295782752,4.25147131121488,0.849717514124294,1,0.999494516859299,0.951848656893817,0.10563438460776,0.62,0.581891633042537,1,0,0,1,request_confirmation,1,0
high_risk_irregular,410,169.652617266288,4.26201483419594,0.88728813559322,1,0.999344401483838,0.953813190685998,0.0991728786319237,0.62,0.573319699504896,1,0,0,1,request_confirmation,1,0
high_risk_irregular,411,170.08629156328,4.27291046644968,0.849717514124294,1,0.998510750035227,0.952294759878438,0.109152064088363,0.62,0.582876583297106,1,0,0,1,request_confirmation,1,0
high_risk_irregular,412,170.501730981024,4.28334796563019,0.868502824858757,1,0.998965313487696,0.952808267005318,0.109086350554072,0.62,0.579476827575301,1,0,0,1,request_confirmation,1,0
high_risk_irregular,413,170.890654453685,4.29311927825433,0.793361581920904,1,0.999579664014777,0.949298066451947,0.138961049957985,0.62,0.60136716713721,1,0,0,1,request_confirmation,1,0
high_risk_irregular,414,171.302616532095,4.30346941276767,0.793361581920904,1,0.999243392642282,0.947362047480185,0.160826431586524,0.62,0.607489473993201,1,0,0,1,request_confirmation,1,0
high_risk_irregular,415,171.695116582943,4.31333058333573,0.849717514124294,1,0.999409460395607,0.949662197461801,0.154378156412536,0.62,0.595539889147874,1,0,0,1,request_confirmation,1,0
high_risk_irregular,416,172.09301908785,4.32332748514981,0.88728813559322,1,0.999318136879124,0.952802100980536,0.134511875202728,0.62,0.583214618544721,1,0,0,1,request_confirmation,1,0
high_risk_irregular,417,172.524985446888,4.33418020717348,0.88728813559322,1,0.999228840412547,0.95418872917422,0.119843256038764,0.62,0.579107405178811,1,0,0,1,request_confirmation,1,0
high_risk_irregular,418,172.944923274649,4.34473072439909,0.924858757062147,1,0.999229234117385,0.956815276424582,0.0941723784804097,0.62,0.565156847598065,1,0,0,1,request_confirmation,1,0
high_risk_irregular,419,173.378721762133,4.35562947681456,0.924858757062147,1,0.999113522383441,0.957897769189019,0.0753791867004806,0.62,0.559894753899685,1,0,0,1,request_confirmation,1,0
high_risk_irregular,420,173.797168897973,4.36614254189905,0.83093220338983,1,0.999532116314156,0.953783223214119,0.099158983068371,0.62,0.583459876543711,1,0,0,1,request_confirmation,1,0
high_risk_irregular,421,174.221292432692,4.37679822081872,0.849717514124294,1,0.999556517366897,0.952795865319464,0.109270931693233,0.62,0.582909866226469,1,0,0,1,request_confirmation,1,0
high_risk_irregular,422,174.632326603588,4.38712504258535,0.88728813559322,1,0.999392342561494,0.95427002679049,0.10169010035237,0.62,0.574024521586621,1,0,0,1,request_confirmation,1,0
high_risk_irregular,423,175.065857012962,4.39801705980686,0.906073446327684,1,0.997898129761821,0.955155163042692,0.0884097571647396,0.62,0.566924669561881,1,0,0,1,request_confirmation,1,0
high_risk_irregular,424,175.458476952422,4.40788124245617,0.862429378531073,1,0.881215214150082,0.894924799616705,0.0886998091964511,0.62,0.57486181633415,1,0,0,1,request_confirmation,1,0
missing_burst,266,109.300378872936,2.74194985700173,0.715922619047619,0.583333333333333,0.855406509097652,0.319432037986263,0.328698798708505,0.62,0.66316959220981,1,0,1,0,request_more_data,0,1
missing_burst,267,109.71873929406,2.75244634558329,0.578205128205128,0.5,0.948364372141021,0.417927960526311,0.563076105329375,0.62,0.753584386415302,1,0,1,0,request_more_data,0,1
missing_burst,268,110.148403039578,2.76322642986239,0.639094202898551,0.416666666666667,0.829311359077629,0.469394376161312,0.715510762998421,0.62,0.785306057117819,1,0,1,0,request_more_data,0,1
missing_burst,269,110.584553187265,2.77416925526816,0.645781499202552,0.366666666666667,0.797423346531665,0.499465624903644,0.827373818528041,0.62,0.815423999331392,1,0,1,0,request_more_data,0,1
missing_burst,270,110.9982533651,2.78454882028813,0.621412466843501,0.483333333333333,0.886974170435692,0.551141799581819,0.889971282431547,0.62,0.837337715049003,1,0,1,0,request_more_data,0,1
missing_burst,271,111.417222711778,2.79506058655805,0.60625,0.416666666666667,0.900655526838659,0.583343261799978,0.94985673324519,0.62,0.856834885308653,1,0,1,0,request_more_data,0,1
missing_burst,272,111.864706047295,2.8062877569225,0.631302889576883,0.316666666666667,NaN,0.561948708160636,0.972235711905157,0.62,0.858591479209605,0,0,1,0,request_more_data,0,1
missing_burst,273,112.295667937016,2.81710041109851,0.540104166666667,0.333333333333333,NaN,0.541424773900271,0.996105923826026,0.62,0.881690908671287,0,0,1,0,request_more_data,0,1
missing_burst,274,112.69913469094,2.82722322377814,0.482083333333333,0.4,0.981025953497912,0.571331125817456,1,0.62,0.893225,1,0,1,0,request_more_data,0,1
missing_burst,275,113.136254306258,2.8381903727227,0.552799043062201,0.366666666666667,0.914600532267109,0.590967010681453,1,0.62,0.880496172248804,1,0,1,0,request_more_data,0,1
missing_burst,276,113.569067825685,2.84904948351624,0.572395833333333,0.333333333333333,NaN,0.569037725373363,1,0.62,0.87696875,0,0,1,0,request_more_data,0,1
missing_burst,277,113.985300667154,2.8594925920111,0.56,0.416666666666667,0.905610138047033,0.594403914696163,1,0.62,0.8792,1,0,1,0,request_more_data,0,1
missing_burst,278,114.397575046519,2.86983638434177,0.563260869565217,0.383333333333333,0.932762320064005,0.615026656423919,1,0.62,0.878613043478261,1,0,1,0,request_more_data,0,1
missing_burst,279,114.826492880002,2.88059775399882,0.618240740740741,0.45,0.917031983515977,0.641868664117331,1,0.62,0.868716666666667,1,0,1,0,request_more_data,0,1
missing_burst,280,115.258520470649,2.89143714616686,0.622225274725275,0.466666666666667,0.910068583686832,0.663992760075833,1,0.62,0.867999450549451,1,0,1,0,request_more_data,0,1
missing_burst,281,115.699097240697,2.90249103368254,0.603026315789474,0.316666666666667,NaN,0.638169495759453,1,0.62,0.871455263157895,0,0,1,0,request_more_data,0,1
missing_burst,282,116.129493257967,2.91328949035464,0.572011278195489,0.316666666666667,NaN,0.613567426884158,1,0.62,0.877037969924812,0,0,1,0,request_more_data,0,1
missing_burst,283,116.513742129908,2.9229301343859,0.591174242424242,0.4,0.889135233885689,0.62891606346472,1,0.62,0.873588636363636,1,0,1,0,request_more_data,0,1
missing_burst,284,116.960833519711,2.93414747099574,0.583659420289855,0.416666666666667,0.908147859958988,0.645166235499081,1,0.62,0.874941304347826,1,0,1,0,request_more_data,0,1
missing_burst,285,117.393764944684,2.94500953999028,0.529927536231884,0.383333333333333,0.954391865523128,0.656977765548117,1,0.62,0.884613043478261,1,0,1,0,request_more_data,0,1
missing_burst,286,117.828562878783,2.95591843892078,0.591174242424242,0.4,0.916017786798773,0.667812185916847,1,0.62,0.873588636363636,1,0,1,0,request_more_data,0,1
missing_burst,287,118.274906475195,2.96711701370616,0.717407407407407,0.466666666666667,0.785277077959848,0.667035936100756,0.969361565647959,0.62,0.842287905048095,1,0,1,0,request_more_data,0,1
missing_burst,288,118.703824646672,2.97787839184332,0.73,0.4,0.12430235556019,0.550845485102642,1,0.62,0.8486,0,0,1,0,request_more_data,0,1
missing_burst,289,119.116240308914,2.98822572890249,0.594642857142857,0.25,NaN,0.530513285380217,1,0.62,0.872964285714286,0,0,1,0,request_more_data,0,1
missing_burst,291,119.968805808693,3.00961624191861,0.592113526570048,0.45,0.881773193067187,0.551665759819123,1,0.62,0.873419565217391,1,0,1,0,request_more_data,0,1
missing_burst,292,120.405051494452,3.0205614643348,0.741274509803922,0.566666666666667,0.781462143910864,0.590784603244196,0.948069448450596,0.62,0.832030033801461,1,0,1,0,request_more_data,0,1
missing_burst,293,120.820988341251,3.03099714644678,0.703667781493868,0.433333333333333,0.790176105009194,0.605759907635517,0.953135395524611,0.62,0.840217710077995,1,0,1,0,request_more_data,0,1
missing_burst,294,121.223617859993,3.04109895324467,0.529040616246499,0.283333333333333,NaN,0.582435221816725,0.994664809287299,0.62,0.883278835676074,0,0,1,0,request_more_data,0,1
missing_burst,295,121.647598647244,3.05173645446964,0.610294117647059,0.333333333333333,NaN,0.561138113151582,1,0.62,0.870147058823529,0,0,1,0,request_more_data,0,1
missing_burst,297,122.482683160766,3.07268837682713,0.724404761904762,0.5,0.792557671147722,0.52251593073339,0.974055291938547,0.62,0.842342624599936,1,0,1,0,request_more_data,0,1
missing_burst,298,122.885393070989,3.08279220061378,0.703809523809524,0.466666666666667,0.783624410115782,0.555620471390159,0.969398053534032,0.62,0.844745740703815,1,0,1,0,request_more_data,0,1
missing_burst,302,124.526573393338,3.12396873081127,0.645781499202552,0.366666666666667,0.796818710503242,0.40217798987442,1,0.62,0.863759330143541,1,0,1,0,request_more_data,0,1
missing_burst,303,124.914597478671,3.13370409337289,0.607857142857143,0.366666666666667,0.867547870706395,0.450729387807464,1,0.62,0.870585714285714,1,0,1,0,request_more_data,0,1
missing_burst,304,125.341912401491,3.14442524666951,0.658219696969697,0.4,0.810609624014641,0.491922380729243,1,0.62,0.861520454545455,1,0,1,0,request_more_data,0,1
missing_burst,305,125.786048093813,3.15556842606161,0.681566332218506,0.433333333333333,0.827072939859487,0.533824386558432,1,0.62,0.857318060200669,1,0,1,0,request_more_data,0,1
missing_burst,306,126.186727550263,3.16562130660944,0.621154244306418,0.383333333333333,0.896948610196982,0.565675433443259,1,0.62,0.868192236024845,1,0,1,0,request_more_data,0,1
missing_burst,307,126.606514107123,3.17615357634218,0.542023809523809,0.35,NaN,0.545081078796941,1,0.62,0.882435714285714,0,0,1,0,request_more_data,0,1
missing_burst,308,127.02790297616,3.18672604741955,0.586464646464646,0.366666666666667,NaN,0.525908221249629,1,0.62,0.874436363636364,0,0,1,0,request_more_data,0,1
missing_burst,310,127.852816950564,3.20742279518992,0.571785714285714,0.416666666666667,0.924258247574799,0.548446980018382,1,0.62,0.877078571428571,1,0,1,0,request_more_data,0,1
missing_burst,311,128.267875197235,3.21783643359092,0.534166666666667,0.4,0.946855596335635,0.57845323737338,1,0.62,0.88385,1,0,1,0,request_more_data,0,1
missing_burst,312,128.695065067707,3.22855444937628,0.593392857142857,0.233333333333333,NaN,0.556465930287275,1,0.62,0.873189285714286,0,0,1,0,request_more_data,0,1
missing_burst,313,129.118189076168,3.23917045437854,0.596897759103641,0.283333333333333,NaN,0.536093631537888,1,0.62,0.872558403361345,0,0,1,0,request_more_data,0,1
missing_burst,314,129.519034202936,3.2492274915256,0.621154244306418,0.383333333333333,0.867521696447796,0.56344998321979,1,0.62,0.868192236024845,1,0,1,0,request_more_data,0,1
missing_burst,315,129.931163028809,3.25956763197983,0.666392339544513,0.383333333333333,0.812750553713678,0.580788408703341,1,0.62,0.860049378881988,1,0,1,0,request_more_data,0,1
missing_burst,316,130.358951391426,3.27030066368364,0.657222222222222,0.3,NaN,0.559491073768618,1,0.62,0.8617,0,0,1,0,request_more_data,0,1
missing_burst,317,130.758271731302,3.28031944456314,0.641705043859649,0.316666666666667,NaN,0.539405214466731,1,0.62,0.864493092105263,0,0,1,0,request_more_data,0,1
missing_burst,318,131.157307228263,3.29033107885264,0.646481481481482,0.45,0.849248955567946,0.57375993489171,1,0.62,0.863633333333333,1,0,1,0,request_more_data,0,1
missing_burst,319,131.57831582065,3.30089400894739,0.68008281573499,0.466666666666667,0.803128593701969,0.59670444570976,0.989045262279273,0.62,0.854517766605898,1,0,1,0,request_more_data,0,1
missing_burst,321,132.366225396583,3.3206623317846,0.663928571428571,0.4,0.837125345759264,0.540467608945937,1,0.62,0.860492857142857,1,0,1,0,request_more_data,0,1
missing_burst,322,132.77161765164,3.33083345448506,0.62374649859944,0.35,NaN,0.521578108590052,1,0.62,0.867725630252101,0,0,1,0,request_more_data,0,1
missing_burst,330,135.962929899851,3.4109021485637,0.585492424242424,0.4,0.916004056958537,0.354809879152935,1,0.62,0.874611363636364,1,0,1,0,request_more_data,0,1
missing_burst,331,136.36437118037,3.42097414295988,0.560384615384615,0.433333333333333,0.924250409667768,0.42600043722134,1,0.62,0.879130769230769,1,0,1,0,request_more_data,0,1
missing_burst,332,136.798635085593,3.43186964332847,0.661195652173913,0.416666666666667,0.807983499138182,0.47463557217583,1,0.62,0.860984782608696,1,0,1,0,request_more_data,0,1
missing_burst,333,137.221146568073,3.44247028030921,0.655454545454546,0.383333333333333,0.833955080885925,0.511897075882173,1,0.62,0.862018181818182,1,0,1,0,request_more_data,0,1
missing_burst,334,137.644363070125,3.45308860593711,0.588409090909091,0.383333333333333,0.939245867475457,0.55049546823122,1,0.62,0.874086363636364,1,0,1,0,request_more_data,0,1
missing_burst,335,138.067251316376,3.46369869576379,0.609094202898551,0.383333333333333,0.874915602677552,0.575209738563941,1,0.62,0.870363043478261,1,0,1,0,request_more_data,0,1
missing_burst,337,138.887507147883,3.48427857267055,0.653508771929825,0.333333333333333,0.820915266033296,0.511043470517786,1,0.62,0.862368421052632,1,0,1,0,request_more_data,0,1
missing_burst,342,140.950781864525,3.53604527527999,0.675833333333333,0.4,0.794999624263485,0.454784366334045,1,0.62,0.85835,1,0,1,0,request_more_data,0,1
missing_burst,343,141.338790375672,3.54578024709177,0.643400076277651,0.383333333333333,0.850238285711613,0.497225166633289,1,0.62,0.864187986270023,1,0,1,0,request_more_data,0,1
missing_burst,345,142.132876646247,3.56570354062296,0.544583333333333,0.4,0.905609656155821,0.518707899787557,1,0.62,0.881975,1,0,1,0,request_more_data,0,1
missing_burst,346,142.528730698249,3.57563535378455,0.499542606516291,0.35,0.941424190028997,0.543312723831627,1,0.62,0.890082330827068,1,0,1,0,request_more_data,0,1
missing_burst,347,142.967087467248,3.58663354239928,0.576388888888889,0.333333333333333,NaN,0.523943109641348,1,0.62,0.87625,0,0,1,0,request_more_data,0,1
missing_burst,350,144.207085539191,3.61774457715815,0.609191729323308,0.35,0.821149616317271,0.513341812506717,1,0.62,0.870345488721805,1,0,1,0,request_more_data,0,1
missing_burst,351,144.626397897895,3.62826494945682,0.643400076277651,0.383333333333333,0.794631580312818,0.53644066198112,1,0.62,0.864187986270023,1,0,1,0,request_more_data,0,1
missing_burst,357,147.045014205366,3.68894702446376,0.655476190476191,0.466666666666667,0.843687483466081,0.50762799802717,1,0.62,0.862014285714286,1,0,1,0,request_more_data,0,1
missing_burst,358,147.459695632257,3.69935120861353,0.618690476190476,0.4,0.86752272315777,0.542449824447071,1,0.62,0.868635714285714,1,0,1,0,request_more_data,0,1
missing_burst,359,147.855574244979,3.70928363799337,0.69375,0.416666666666667,0.805222913434123,0.56840440438353,1,0.62,0.855125,1,0,1,0,request_more_data,0,1
missing_burst,362,149.083854239608,3.74010067107685,0.663852657004831,0.45,0.807984153771356,0.50911029763962,1,0.62,0.86050652173913,1,0,1,0,request_more_data,0,1
missing_burst,363,149.473908267822,3.74988696405922,0.599060846560847,0.45,0.897081934903044,0.553112419022924,1,0.62,0.872169047619048,1,0,1,0,request_more_data,0,1
missing_burst,364,149.88815280475,3.76028018682194,0.613541666666667,0.333333333333333,NaN,0.533381146060437,1,0.62,0.8695625,0,0,1,0,request_more_data,0,1
missing_burst,366,150.682690745814,3.7802148125774,0.708122710622711,0.466666666666667,0.782567475091186,0.549801178364515,0.988032943061453,0.62,0.849187136145119,1,0,1,0,request_more_data,0,1
near_threshold_noise,139,57.5384071300209,1.44520909695446,1,1,0.650137968972743,0.532509778412439,0.03,0.62,0.5284,1,0,0,0,observe,0,0
near_threshold_noise,257,105.536776160034,2.65107579994837,1,1,0.650081730800738,0.534837052487293,0.03,0.62,0.5284,1,0,0,0,observe,0,0
near_threshold_noise,316,130.385040745766,3.27534065512253,1,1,0.671682458580893,0.561540224834819,0.03,0.62,0.5284,1,0,0,0,observe,0,0
near_threshold_noise,375,153.916430728001,3.86652156872812,1,1,0.640801819785126,0.542380922337541,0.03,0.62,0.5284,1,0,0,0,observe,0,0
near_threshold_noise,434,177.675839668817,4.46343102010201,1,1,0.654153569620749,0.53623142687728,0.03,0.62,0.5284,1,0,0,0,observe,0,0
near_threshold_noise,435,178.089297329895,4.47381834860228,1,1,0.630578897359426,0.581975927799617,0.03,0.62,0.5284,1,0,0,0,observe,0,0
near_threshold_noise,493,202.701348792469,5.09214880338361,1,1,0.673956951056426,0.560329544711463,0.03,0.62,0.5284,1,0,0,0,observe,0,0
near_threshold_noise,494,203.116791956285,5.10258601382131,1,1,0.623998677915365,0.587673337442997,0.03,0.62,0.5284,1,0,0,0,observe,0,0
